date,symbol,file,status,bytes
2026-07-24,0GUSDT,0GUSDT-1m-2026-07-24.zip,ok,26473
2026-07-24,0GUSDT,0GUSDT-aggTrades-2026-07-24.zip,ok,36801
2026-07-24,1000CATUSDT,1000CATUSDT-1m-2026-07-24.zip,ok,18674
2026-07-24,1000CATUSDT,1000CATUSDT-aggTrades-2026-07-24.zip,ok,20280
2026-07-24,1000CHEEMSUSDT,1000CHEEMSUSDT-1m-2026-07-24.zip,ok,44707
2026-07-24,1000CHEEMSUSDT,1000CHEEMSUSDT-aggTrades-2026-07-24.zip,ok,361139
2026-07-24,1000SATSUSDT,1000SATSUSDT-1m-2026-07-24.zip,ok,25664
2026-07-24,1000SATSUSDT,1000SATSUSDT-aggTrades-2026-07-24.zip,ok,41600
2026-07-24,1INCHUSDT,1INCHUSDT-1m-2026-07-24.zip,ok,33481
2026-07-24,1INCHUSDT,1INCHUSDT-aggTrades-2026-07-24.zip,ok,87752
2026-07-24,1MBABYDOGEUSDT,1MBABYDOGEUSDT-1m-2026-07-24.zip,ok,21261
2026-07-24,1MBABYDOGEUSDT,1MBABYDOGEUSDT-aggTrades-2026-07-24.zip,ok,25842
2026-07-24,2ZUSDT,2ZUSDT-1m-2026-07-24.zip,ok,23063
2026-07-24,2ZUSDT,2ZUSDT-aggTrades-2026-07-24.zip,ok,43549
2026-07-24,AAOIBUSDT,AAOIBUSDT-1m-2026-07-24.zip,ok,27223
2026-07-24,AAOIBUSDT,AAOIBUSDT-aggTrades-2026-07-24.zip,ok,71051
2026-07-24,ACEUSDT,ACEUSDT-1m-2026-07-24.zip,ok,47174
2026-07-24,ACEUSDT,ACEUSDT-aggTrades-2026-07-24.zip,ok,1077276
2026-07-24,ACHUSDT,ACHUSDT-1m-2026-07-24.zip,ok,24024
2026-07-24,ACHUSDT,ACHUSDT-aggTrades-2026-07-24.zip,ok,40946
2026-07-24,ACMUSDT,ACMUSDT-1m-2026-07-24.zip,ok,22989
2026-07-24,ACMUSDT,ACMUSDT-aggTrades-2026-07-24.zip,ok,30268
2026-07-24,ACTUSDT,ACTUSDT-1m-2026-07-24.zip,ok,31187
2026-07-24,ACTUSDT,ACTUSDT-aggTrades-2026-07-24.zip,ok,61806
2026-07-24,ACXUSDT,ACXUSDT-1m-2026-07-24.zip,ok,29055
2026-07-24,ACXUSDT,ACXUSDT-aggTrades-2026-07-24.zip,ok,178167
2026-07-24,ADXUSDT,ADXUSDT-1m-2026-07-24.zip,ok,29153
2026-07-24,ADXUSDT,ADXUSDT-aggTrades-2026-07-24.zip,ok,68418
2026-07-24,AEVOUSDT,AEVOUSDT-1m-2026-07-24.zip,ok,21856
2026-07-24,AEVOUSDT,AEVOUSDT-aggTrades-2026-07-24.zip,ok,28857
2026-07-24,AGLDUSDT,AGLDUSDT-1m-2026-07-24.zip,ok,26977
2026-07-24,AGLDUSDT,AGLDUSDT-aggTrades-2026-07-24.zip,ok,52451
2026-07-24,AIUSDT,AIUSDT-1m-2026-07-24.zip,ok,21836
2026-07-24,AIUSDT,AIUSDT-aggTrades-2026-07-24.zip,ok,26607
2026-07-24,AIXBTUSDT,AIXBTUSDT-1m-2026-07-24.zip,ok,23700
2026-07-24,AIXBTUSDT,AIXBTUSDT-aggTrades-2026-07-24.zip,ok,50038
2026-07-24,ALGOUSDT,ALGOUSDT-1m-2026-07-24.zip,ok,31795
2026-07-24,ALGOUSDT,ALGOUSDT-aggTrades-2026-07-24.zip,ok,126640
2026-07-24,ALICEUSDT,ALICEUSDT-1m-2026-07-24.zip,ok,30422
2026-07-24,ALICEUSDT,ALICEUSDT-aggTrades-2026-07-24.zip,ok,101840
2026-07-24,ALPINEUSDT,ALPINEUSDT-1m-2026-07-24.zip,ok,17250
2026-07-24,ALPINEUSDT,ALPINEUSDT-aggTrades-2026-07-24.zip,ok,22436
2026-07-24,ALTUSDT,ALTUSDT-1m-2026-07-24.zip,ok,18103
2026-07-24,ALTUSDT,ALTUSDT-aggTrades-2026-07-24.zip,ok,21845
2026-07-24,AMDBUSDT,AMDBUSDT-1m-2026-07-24.zip,ok,27866
2026-07-24,AMDBUSDT,AMDBUSDT-aggTrades-2026-07-24.zip,ok,101744
2026-07-24,AMPUSDT,AMPUSDT-1m-2026-07-24.zip,ok,27622
2026-07-24,AMPUSDT,AMPUSDT-aggTrades-2026-07-24.zip,ok,60001
2026-07-24,ANIMEUSDT,ANIMEUSDT-1m-2026-07-24.zip,ok,21585
2026-07-24,ANIMEUSDT,ANIMEUSDT-aggTrades-2026-07-24.zip,ok,58444
2026-07-24,ANKRUSDT,ANKRUSDT-1m-2026-07-24.zip,ok,16597
2026-07-24,ANKRUSDT,ANKRUSDT-aggTrades-2026-07-24.zip,ok,17571
2026-07-24,APEUSDT,APEUSDT-1m-2026-07-24.zip,ok,38085
2026-07-24,APEUSDT,APEUSDT-aggTrades-2026-07-24.zip,ok,142899
2026-07-24,API3USDT,API3USDT-1m-2026-07-24.zip,ok,30027
2026-07-24,API3USDT,API3USDT-aggTrades-2026-07-24.zip,ok,91488
2026-07-24,APTUSDT,APTUSDT-1m-2026-07-24.zip,ok,33578
2026-07-24,APTUSDT,APTUSDT-aggTrades-2026-07-24.zip,ok,98615
2026-07-24,ARBUSDT,ARBUSDT-1m-2026-07-24.zip,ok,38235
2026-07-24,ARBUSDT,ARBUSDT-aggTrades-2026-07-24.zip,ok,142095
2026-07-24,ARKMUSDT,ARKMUSDT-1m-2026-07-24.zip,ok,28241
2026-07-24,ARKMUSDT,ARKMUSDT-aggTrades-2026-07-24.zip,ok,71120
2026-07-24,ARKUSDT,ARKUSDT-1m-2026-07-24.zip,ok,13764
2026-07-24,ARKUSDT,ARKUSDT-aggTrades-2026-07-24.zip,ok,8777
2026-07-24,ARMBUSDT,ARMBUSDT-1m-2026-07-24.zip,ok,21876
2026-07-24,ARMBUSDT,ARMBUSDT-aggTrades-2026-07-24.zip,ok,41816
2026-07-24,ARPAUSDT,ARPAUSDT-1m-2026-07-24.zip,ok,22776
2026-07-24,ARPAUSDT,ARPAUSDT-aggTrades-2026-07-24.zip,ok,37290
2026-07-24,ARUSDT,ARUSDT-1m-2026-07-24.zip,ok,29971
2026-07-24,ARUSDT,ARUSDT-aggTrades-2026-07-24.zip,ok,74770
2026-07-24,ASRUSDT,ASRUSDT-1m-2026-07-24.zip,ok,15709
2026-07-24,ASRUSDT,ASRUSDT-aggTrades-2026-07-24.zip,ok,13458
2026-07-24,ASTERUSDT,ASTERUSDT-1m-2026-07-24.zip,ok,31555
2026-07-24,ASTERUSDT,ASTERUSDT-aggTrades-2026-07-24.zip,ok,99801
2026-07-24,ASTRUSDT,ASTRUSDT-1m-2026-07-24.zip,ok,20785
2026-07-24,ASTRUSDT,ASTRUSDT-aggTrades-2026-07-24.zip,ok,29743
2026-07-24,ATMUSDT,ATMUSDT-1m-2026-07-24.zip,ok,35109
2026-07-24,ATMUSDT,ATMUSDT-aggTrades-2026-07-24.zip,ok,96742
2026-07-24,ATOMUSDT,ATOMUSDT-1m-2026-07-24.zip,ok,35612
2026-07-24,ATOMUSDT,ATOMUSDT-aggTrades-2026-07-24.zip,ok,123531
2026-07-24,ATUSDT,ATUSDT-1m-2026-07-24.zip,ok,21553
2026-07-24,ATUSDT,ATUSDT-aggTrades-2026-07-24.zip,ok,37666
2026-07-24,AUCTIONUSDT,AUCTIONUSDT-1m-2026-07-24.zip,ok,30235
2026-07-24,AUCTIONUSDT,AUCTIONUSDT-aggTrades-2026-07-24.zip,ok,103223
2026-07-24,AUDIOUSDT,AUDIOUSDT-1m-2026-07-24.zip,ok,29578
2026-07-24,AUDIOUSDT,AUDIOUSDT-aggTrades-2026-07-24.zip,ok,48118
2026-07-24,AUSDT,AUSDT-1m-2026-07-24.zip,ok,38745
2026-07-24,AUSDT,AUSDT-aggTrades-2026-07-24.zip,ok,226649
2026-07-24,AVAUSDT,AVAUSDT-1m-2026-07-24.zip,ok,24148
2026-07-24,AVAUSDT,AVAUSDT-aggTrades-2026-07-24.zip,ok,45430
2026-07-24,AVGOBUSDT,AVGOBUSDT-1m-2026-07-24.zip,ok,17967
2026-07-24,AVGOBUSDT,AVGOBUSDT-aggTrades-2026-07-24.zip,ok,31067
2026-07-24,AVNTUSDT,AVNTUSDT-1m-2026-07-24.zip,ok,21435
2026-07-24,AVNTUSDT,AVNTUSDT-aggTrades-2026-07-24.zip,ok,33472
2026-07-24,AWEUSDT,AWEUSDT-1m-2026-07-24.zip,ok,17440
2026-07-24,AWEUSDT,AWEUSDT-aggTrades-2026-07-24.zip,ok,26909
2026-07-24,AXLUSDT,AXLUSDT-1m-2026-07-24.zip,ok,16754
2026-07-24,AXLUSDT,AXLUSDT-aggTrades-2026-07-24.zip,ok,15023
2026-07-24,AXSUSDT,AXSUSDT-1m-2026-07-24.zip,ok,37897
2026-07-24,AXSUSDT,AXSUSDT-aggTrades-2026-07-24.zip,ok,148007
2026-07-24,AXTIBUSDT,AXTIBUSDT-1m-2026-07-24.zip,ok,18459
2026-07-24,AXTIBUSDT,AXTIBUSDT-aggTrades-2026-07-24.zip,ok,25663
2026-07-24,BABABUSDT,BABABUSDT-1m-2026-07-24.zip,ok,20231
2026-07-24,BABABUSDT,BABABUSDT-aggTrades-2026-07-24.zip,ok,32089
2026-07-24,BABYUSDT,BABYUSDT-1m-2026-07-24.zip,ok,39722
2026-07-24,BABYUSDT,BABYUSDT-aggTrades-2026-07-24.zip,ok,154767
2026-07-24,BANANAS31USDT,BANANAS31USDT-1m-2026-07-24.zip,ok,35536
2026-07-24,BANANAS31USDT,BANANAS31USDT-aggTrades-2026-07-24.zip,ok,136600
2026-07-24,BANANAUSDT,BANANAUSDT-1m-2026-07-24.zip,ok,34736
2026-07-24,BANANAUSDT,BANANAUSDT-aggTrades-2026-07-24.zip,ok,130819
2026-07-24,BANDUSDT,BANDUSDT-1m-2026-07-24.zip,ok,17204
2026-07-24,BANDUSDT,BANDUSDT-aggTrades-2026-07-24.zip,ok,21201
2026-07-24,BARDUSDT,BARDUSDT-1m-2026-07-24.zip,ok,40847
2026-07-24,BARDUSDT,BARDUSDT-aggTrades-2026-07-24.zip,ok,370530
2026-07-24,BARUSDT,BARUSDT-1m-2026-07-24.zip,ok,24077
2026-07-24,BARUSDT,BARUSDT-aggTrades-2026-07-24.zip,ok,30338
2026-07-24,BATUSDT,BATUSDT-1m-2026-07-24.zip,ok,16046
2026-07-24,BATUSDT,BATUSDT-aggTrades-2026-07-24.zip,ok,15768
2026-07-24,BBUSDT,BBUSDT-1m-2026-07-24.zip,ok,26359
2026-07-24,BBUSDT,BBUSDT-aggTrades-2026-07-24.zip,ok,53549
2026-07-24,BEAMXUSDT,BEAMXUSDT-1m-2026-07-24.zip,ok,44598
2026-07-24,BEAMXUSDT,BEAMXUSDT-aggTrades-2026-07-24.zip,ok,406851
2026-07-24,BELUSDT,BELUSDT-1m-2026-07-24.zip,ok,25075
2026-07-24,BELUSDT,BELUSDT-aggTrades-2026-07-24.zip,ok,52284
2026-07-24,BERAUSDT,BERAUSDT-1m-2026-07-24.zip,ok,46325
2026-07-24,BERAUSDT,BERAUSDT-aggTrades-2026-07-24.zip,ok,279095
2026-07-24,BFUSDUSDT,BFUSDUSDT-1m-2026-07-24.zip,ok,13551
2026-07-24,BFUSDUSDT,BFUSDUSDT-aggTrades-2026-07-24.zip,ok,17121
2026-07-24,BICOUSDT,BICOUSDT-1m-2026-07-24.zip,ok,26477
2026-07-24,BICOUSDT,BICOUSDT-aggTrades-2026-07-24.zip,ok,48495
2026-07-24,BIGTIMEUSDT,BIGTIMEUSDT-1m-2026-07-24.zip,ok,15579
2026-07-24,BIGTIMEUSDT,BIGTIMEUSDT-aggTrades-2026-07-24.zip,ok,11234
2026-07-24,BIOUSDT,BIOUSDT-1m-2026-07-24.zip,ok,45843
2026-07-24,BIOUSDT,BIOUSDT-aggTrades-2026-07-24.zip,ok,344704
2026-07-24,BLURUSDT,BLURUSDT-1m-2026-07-24.zip,ok,28377
2026-07-24,BLURUSDT,BLURUSDT-aggTrades-2026-07-24.zip,ok,61840
2026-07-24,BMTUSDT,BMTUSDT-1m-2026-07-24.zip,ok,30913
2026-07-24,BMTUSDT,BMTUSDT-aggTrades-2026-07-24.zip,ok,89240
2026-07-24,BNSOLUSDT,BNSOLUSDT-1m-2026-07-24.zip,ok,28083
2026-07-24,BNSOLUSDT,BNSOLUSDT-aggTrades-2026-07-24.zip,ok,77872
2026-07-24,BNTUSDT,BNTUSDT-1m-2026-07-24.zip,ok,13948
2026-07-24,BNTUSDT,BNTUSDT-aggTrades-2026-07-24.zip,ok,19193
2026-07-24,BOMEUSDT,BOMEUSDT-1m-2026-07-24.zip,ok,29295
2026-07-24,BOMEUSDT,BOMEUSDT-aggTrades-2026-07-24.zip,ok,77813
2026-07-24,BONKUSDT,BONKUSDT-1m-2026-07-24.zip,ok,36282
2026-07-24,BONKUSDT,BONKUSDT-aggTrades-2026-07-24.zip,ok,91629
2026-07-24,BREVUSDT,BREVUSDT-1m-2026-07-24.zip,ok,23666
2026-07-24,BREVUSDT,BREVUSDT-aggTrades-2026-07-24.zip,ok,33158
2026-07-24,BROCCOLI714USDT,BROCCOLI714USDT-1m-2026-07-24.zip,ok,23016
2026-07-24,BROCCOLI714USDT,BROCCOLI714USDT-aggTrades-2026-07-24.zip,ok,38363
2026-07-24,BTTCUSDT,BTTCUSDT-1m-2026-07-24.zip,ok,30643
2026-07-24,BTTCUSDT,BTTCUSDT-aggTrades-2026-07-24.zip,ok,94125
2026-07-24,C98USDT,C98USDT-1m-2026-07-24.zip,ok,19456
2026-07-24,C98USDT,C98USDT-aggTrades-2026-07-24.zip,ok,22263
2026-07-24,CAKEUSDT,CAKEUSDT-1m-2026-07-24.zip,ok,37412
2026-07-24,CAKEUSDT,CAKEUSDT-aggTrades-2026-07-24.zip,ok,129835
2026-07-24,CATIUSDT,CATIUSDT-1m-2026-07-24.zip,ok,27523
2026-07-24,CATIUSDT,CATIUSDT-aggTrades-2026-07-24.zip,ok,71205
2026-07-24,CBRSBUSDT,CBRSBUSDT-1m-2026-07-24.zip,ok,21348
2026-07-24,CBRSBUSDT,CBRSBUSDT-aggTrades-2026-07-24.zip,ok,50484
2026-07-24,CELRUSDT,CELRUSDT-1m-2026-07-24.zip,ok,42727
2026-07-24,CELRUSDT,CELRUSDT-aggTrades-2026-07-24.zip,ok,237165
2026-07-24,CETUSUSDT,CETUSUSDT-1m-2026-07-24.zip,ok,21607
2026-07-24,CETUSUSDT,CETUSUSDT-aggTrades-2026-07-24.zip,ok,26256
2026-07-24,CFGUSDT,CFGUSDT-1m-2026-07-24.zip,ok,33262
2026-07-24,CFGUSDT,CFGUSDT-aggTrades-2026-07-24.zip,ok,118884
2026-07-24,CFXUSDT,CFXUSDT-1m-2026-07-24.zip,ok,31532
2026-07-24,CFXUSDT,CFXUSDT-aggTrades-2026-07-24.zip,ok,97801
2026-07-24,CGPTUSDT,CGPTUSDT-1m-2026-07-24.zip,ok,26236
2026-07-24,CGPTUSDT,CGPTUSDT-aggTrades-2026-07-24.zip,ok,43121
2026-07-24,CHIPUSDT,CHIPUSDT-1m-2026-07-24.zip,ok,35356
2026-07-24,CHIPUSDT,CHIPUSDT-aggTrades-2026-07-24.zip,ok,130833
2026-07-24,CHRUSDT,CHRUSDT-1m-2026-07-24.zip,ok,26876
2026-07-24,CHRUSDT,CHRUSDT-aggTrades-2026-07-24.zip,ok,69289
2026-07-24,CHZUSDT,CHZUSDT-1m-2026-07-24.zip,ok,35123
2026-07-24,CHZUSDT,CHZUSDT-aggTrades-2026-07-24.zip,ok,126740
2026-07-24,CITYUSDT,CITYUSDT-1m-2026-07-24.zip,ok,30475
2026-07-24,CITYUSDT,CITYUSDT-aggTrades-2026-07-24.zip,ok,64554
2026-07-24,CKBUSDT,CKBUSDT-1m-2026-07-24.zip,ok,19457
2026-07-24,CKBUSDT,CKBUSDT-aggTrades-2026-07-24.zip,ok,22757
2026-07-24,COINBUSDT,COINBUSDT-1m-2026-07-24.zip,ok,26249
2026-07-24,COINBUSDT,COINBUSDT-aggTrades-2026-07-24.zip,ok,130179
2026-07-24,COMPUSDT,COMPUSDT-1m-2026-07-24.zip,ok,20295
2026-07-24,COMPUSDT,COMPUSDT-aggTrades-2026-07-24.zip,ok,23399
2026-07-24,COOKIEUSDT,COOKIEUSDT-1m-2026-07-24.zip,ok,14254
2026-07-24,COOKIEUSDT,COOKIEUSDT-aggTrades-2026-07-24.zip,ok,10178
2026-07-24,COTIUSDT,COTIUSDT-1m-2026-07-24.zip,ok,22977
2026-07-24,COTIUSDT,COTIUSDT-aggTrades-2026-07-24.zip,ok,42410
2026-07-24,COWUSDT,COWUSDT-1m-2026-07-24.zip,ok,14704
2026-07-24,COWUSDT,COWUSDT-aggTrades-2026-07-24.zip,ok,9589
2026-07-24,CRCLBUSDT,CRCLBUSDT-1m-2026-07-24.zip,ok,38211
2026-07-24,CRCLBUSDT,CRCLBUSDT-aggTrades-2026-07-24.zip,ok,349785
2026-07-24,CRVUSDT,CRVUSDT-1m-2026-07-24.zip,ok,32472
2026-07-24,CRVUSDT,CRVUSDT-aggTrades-2026-07-24.zip,ok,126004
2026-07-24,CRWVBUSDT,CRWVBUSDT-1m-2026-07-24.zip,ok,19600
2026-07-24,CRWVBUSDT,CRWVBUSDT-aggTrades-2026-07-24.zip,ok,25430
2026-07-24,CTKUSDT,CTKUSDT-1m-2026-07-24.zip,ok,14629
2026-07-24,CTKUSDT,CTKUSDT-aggTrades-2026-07-24.zip,ok,11340
2026-07-24,CTSIUSDT,CTSIUSDT-1m-2026-07-24.zip,ok,14573
2026-07-24,CTSIUSDT,CTSIUSDT-aggTrades-2026-07-24.zip,ok,8816
2026-07-24,CUSDT,CUSDT-1m-2026-07-24.zip,ok,27587
2026-07-24,CUSDT,CUSDT-aggTrades-2026-07-24.zip,ok,54030
2026-07-24,CVCUSDT,CVCUSDT-1m-2026-07-24.zip,ok,18230
2026-07-24,CVCUSDT,CVCUSDT-aggTrades-2026-07-24.zip,ok,19580
2026-07-24,CVXUSDT,CVXUSDT-1m-2026-07-24.zip,ok,27661
2026-07-24,CVXUSDT,CVXUSDT-aggTrades-2026-07-24.zip,ok,107673
2026-07-24,CYBERUSDT,CYBERUSDT-1m-2026-07-24.zip,ok,15914
2026-07-24,CYBERUSDT,CYBERUSDT-aggTrades-2026-07-24.zip,ok,14367
2026-07-24,DASHUSDT,DASHUSDT-1m-2026-07-24.zip,ok,39702
2026-07-24,DASHUSDT,DASHUSDT-aggTrades-2026-07-24.zip,ok,183799
2026-07-24,DCRUSDT,DCRUSDT-1m-2026-07-24.zip,ok,29487
2026-07-24,DCRUSDT,DCRUSDT-aggTrades-2026-07-24.zip,ok,78880
2026-07-24,DGBUSDT,DGBUSDT-1m-2026-07-24.zip,ok,32301
2026-07-24,DGBUSDT,DGBUSDT-aggTrades-2026-07-24.zip,ok,59479
2026-07-24,DIAUSDT,DIAUSDT-1m-2026-07-24.zip,ok,43977
2026-07-24,DIAUSDT,DIAUSDT-aggTrades-2026-07-24.zip,ok,404436
2026-07-24,DODOUSDT,DODOUSDT-1m-2026-07-24.zip,ok,38046
2026-07-24,DODOUSDT,DODOUSDT-aggTrades-2026-07-24.zip,ok,155421
2026-07-24,DOGSUSDT,DOGSUSDT-1m-2026-07-24.zip,ok,30758
2026-07-24,DOGSUSDT,DOGSUSDT-aggTrades-2026-07-24.zip,ok,64156
2026-07-24,DOLOUSDT,DOLOUSDT-1m-2026-07-24.zip,ok,19426
2026-07-24,DOLOUSDT,DOLOUSDT-aggTrades-2026-07-24.zip,ok,21005
2026-07-24,DOTUSDT,DOTUSDT-1m-2026-07-24.zip,ok,38388
2026-07-24,DOTUSDT,DOTUSDT-aggTrades-2026-07-24.zip,ok,144823
2026-07-24,DRAMBUSDT,DRAMBUSDT-1m-2026-07-24.zip,ok,33374
2026-07-24,DRAMBUSDT,DRAMBUSDT-aggTrades-2026-07-24.zip,ok,140449
2026-07-24,DUSKUSDT,DUSKUSDT-1m-2026-07-24.zip,ok,20830
2026-07-24,DUSKUSDT,DUSKUSDT-aggTrades-2026-07-24.zip,ok,26973
2026-07-24,DYDXUSDT,DYDXUSDT-1m-2026-07-24.zip,ok,33018
2026-07-24,DYDXUSDT,DYDXUSDT-aggTrades-2026-07-24.zip,ok,113767
2026-07-24,DYMUSDT,DYMUSDT-1m-2026-07-24.zip,ok,25097
2026-07-24,DYMUSDT,DYMUSDT-aggTrades-2026-07-24.zip,ok,53163
2026-07-24,EDENUSDT,EDENUSDT-1m-2026-07-24.zip,ok,31655
2026-07-24,EDENUSDT,EDENUSDT-aggTrades-2026-07-24.zip,ok,133163
2026-07-24,EDUUSDT,EDUUSDT-1m-2026-07-24.zip,ok,22457
2026-07-24,EDUUSDT,EDUUSDT-aggTrades-2026-07-24.zip,ok,68326
2026-07-24,EGLDUSDT,EGLDUSDT-1m-2026-07-24.zip,ok,19466
2026-07-24,EGLDUSDT,EGLDUSDT-aggTrades-2026-07-24.zip,ok,23805
2026-07-24,EIGENUSDT,EIGENUSDT-1m-2026-07-24.zip,ok,49410
2026-07-24,EIGENUSDT,EIGENUSDT-aggTrades-2026-07-24.zip,ok,327989
2026-07-24,ENJUSDT,ENJUSDT-1m-2026-07-24.zip,ok,29429
2026-07-24,ENJUSDT,ENJUSDT-aggTrades-2026-07-24.zip,ok,71971
2026-07-24,ENSOUSDT,ENSOUSDT-1m-2026-07-24.zip,ok,39748
2026-07-24,ENSOUSDT,ENSOUSDT-aggTrades-2026-07-24.zip,ok,143522
2026-07-24,ENSUSDT,ENSUSDT-1m-2026-07-24.zip,ok,22003
2026-07-24,ENSUSDT,ENSUSDT-aggTrades-2026-07-24.zip,ok,29405
2026-07-24,EPICUSDT,EPICUSDT-1m-2026-07-24.zip,ok,53519
2026-07-24,EPICUSDT,EPICUSDT-aggTrades-2026-07-24.zip,ok,1492548
2026-07-24,ERAUSDT,ERAUSDT-1m-2026-07-24.zip,ok,48714
2026-07-24,ERAUSDT,ERAUSDT-aggTrades-2026-07-24.zip,ok,639863
2026-07-24,ESPUSDT,ESPUSDT-1m-2026-07-24.zip,ok,37590
2026-07-24,ESPUSDT,ESPUSDT-aggTrades-2026-07-24.zip,ok,325659
2026-07-24,ETCUSDT,ETCUSDT-1m-2026-07-24.zip,ok,32663
2026-07-24,ETCUSDT,ETCUSDT-aggTrades-2026-07-24.zip,ok,168809
2026-07-24,ETHFIUSDT,ETHFIUSDT-1m-2026-07-24.zip,ok,44659
2026-07-24,ETHFIUSDT,ETHFIUSDT-aggTrades-2026-07-24.zip,ok,324673
2026-07-24,EULUSDT,EULUSDT-1m-2026-07-24.zip,ok,27150
2026-07-24,EULUSDT,EULUSDT-aggTrades-2026-07-24.zip,ok,60187
2026-07-24,EWYBUSDT,EWYBUSDT-1m-2026-07-24.zip,ok,32371
2026-07-24,EWYBUSDT,EWYBUSDT-aggTrades-2026-07-24.zip,ok,148144
2026-07-24,FETUSDT,FETUSDT-1m-2026-07-24.zip,ok,39628
2026-07-24,FETUSDT,FETUSDT-aggTrades-2026-07-24.zip,ok,139159
2026-07-24,FFUSDT,FFUSDT-1m-2026-07-24.zip,ok,38503
2026-07-24,FFUSDT,FFUSDT-aggTrades-2026-07-24.zip,ok,206893
2026-07-24,FIDAUSDT,FIDAUSDT-1m-2026-07-24.zip,ok,20983
2026-07-24,FIDAUSDT,FIDAUSDT-aggTrades-2026-07-24.zip,ok,28913
2026-07-24,FILUSDT,FILUSDT-1m-2026-07-24.zip,ok,47524
2026-07-24,FILUSDT,FILUSDT-aggTrades-2026-07-24.zip,ok,340035
2026-07-24,FLOKIUSDT,FLOKIUSDT-1m-2026-07-24.zip,ok,39720
2026-07-24,FLOKIUSDT,FLOKIUSDT-aggTrades-2026-07-24.zip,ok,280087
2026-07-24,FLOWUSDT,FLOWUSDT-1m-2026-07-24.zip,ok,20800
2026-07-24,FLOWUSDT,FLOWUSDT-aggTrades-2026-07-24.zip,ok,24136
2026-07-24,FLUXUSDT,FLUXUSDT-1m-2026-07-24.zip,ok,16901
2026-07-24,FLUXUSDT,FLUXUSDT-aggTrades-2026-07-24.zip,ok,18594
2026-07-24,FOGOUSDT,FOGOUSDT-1m-2026-07-24.zip,ok,19118
2026-07-24,FOGOUSDT,FOGOUSDT-aggTrades-2026-07-24.zip,ok,28574
2026-07-24,FORMUSDT,FORMUSDT-1m-2026-07-24.zip,ok,34021
2026-07-24,FORMUSDT,FORMUSDT-aggTrades-2026-07-24.zip,ok,83953
2026-07-24,FRAXUSDT,FRAXUSDT-1m-2026-07-24.zip,ok,21642
2026-07-24,FRAXUSDT,FRAXUSDT-aggTrades-2026-07-24.zip,ok,33471
2026-07-24,FTTUSDT,FTTUSDT-1m-2026-07-24.zip,ok,28236
2026-07-24,FTTUSDT,FTTUSDT-aggTrades-2026-07-24.zip,ok,48508
2026-07-24,FUSDT,FUSDT-1m-2026-07-24.zip,ok,19112
2026-07-24,FUSDT,FUSDT-aggTrades-2026-07-24.zip,ok,84193
2026-07-24,GALAUSDT,GALAUSDT-1m-2026-07-24.zip,ok,35634
2026-07-24,GALAUSDT,GALAUSDT-aggTrades-2026-07-24.zip,ok,102052
2026-07-24,GASUSDT,GASUSDT-1m-2026-07-24.zip,ok,16145
2026-07-24,GASUSDT,GASUSDT-aggTrades-2026-07-24.zip,ok,14621
2026-07-24,GENIUSUSDT,GENIUSUSDT-1m-2026-07-24.zip,ok,31588
2026-07-24,GENIUSUSDT,GENIUSUSDT-aggTrades-2026-07-24.zip,ok,87841
2026-07-24,GIGGLEUSDT,GIGGLEUSDT-1m-2026-07-24.zip,ok,29973
2026-07-24,GIGGLEUSDT,GIGGLEUSDT-aggTrades-2026-07-24.zip,ok,67943
2026-07-24,GLMRUSDT,GLMRUSDT-1m-2026-07-24.zip,ok,40619
2026-07-24,GLMRUSDT,GLMRUSDT-aggTrades-2026-07-24.zip,ok,101773
2026-07-24,GLMUSDT,GLMUSDT-1m-2026-07-24.zip,ok,17113
2026-07-24,GLMUSDT,GLMUSDT-aggTrades-2026-07-24.zip,ok,26469
2026-07-24,GLWBUSDT,GLWBUSDT-1m-2026-07-24.zip,ok,20014
2026-07-24,GLWBUSDT,GLWBUSDT-aggTrades-2026-07-24.zip,ok,38764
2026-07-24,GMTUSDT,GMTUSDT-1m-2026-07-24.zip,ok,36072
2026-07-24,GMTUSDT,GMTUSDT-aggTrades-2026-07-24.zip,ok,84538
2026-07-24,GMXUSDT,GMXUSDT-1m-2026-07-24.zip,ok,41318
2026-07-24,GMXUSDT,GMXUSDT-aggTrades-2026-07-24.zip,ok,157566
2026-07-24,GNOUSDT,GNOUSDT-1m-2026-07-24.zip,ok,31668
2026-07-24,GNOUSDT,GNOUSDT-aggTrades-2026-07-24.zip,ok,59995
2026-07-24,GNSUSDT,GNSUSDT-1m-2026-07-24.zip,ok,22195
2026-07-24,GNSUSDT,GNSUSDT-aggTrades-2026-07-24.zip,ok,23996
2026-07-24,GOOGLBUSDT,GOOGLBUSDT-1m-2026-07-24.zip,ok,28809
2026-07-24,GOOGLBUSDT,GOOGLBUSDT-aggTrades-2026-07-24.zip,ok,207403
2026-07-24,GPSUSDT,GPSUSDT-1m-2026-07-24.zip,ok,25116
2026-07-24,GPSUSDT,GPSUSDT-aggTrades-2026-07-24.zip,ok,89712
2026-07-24,GRTUSDT,GRTUSDT-1m-2026-07-24.zip,ok,35131
2026-07-24,GRTUSDT,GRTUSDT-aggTrades-2026-07-24.zip,ok,95305
2026-07-24,GTCUSDT,GTCUSDT-1m-2026-07-24.zip,ok,19246
2026-07-24,GTCUSDT,GTCUSDT-aggTrades-2026-07-24.zip,ok,38060
2026-07-24,GUNUSDT,GUNUSDT-1m-2026-07-24.zip,ok,22211
2026-07-24,GUNUSDT,GUNUSDT-aggTrades-2026-07-24.zip,ok,34293
2026-07-24,GUSDT,GUSDT-1m-2026-07-24.zip,ok,22274
2026-07-24,GUSDT,GUSDT-aggTrades-2026-07-24.zip,ok,52000
2026-07-24,HAEDALUSDT,HAEDALUSDT-1m-2026-07-24.zip,ok,19729
2026-07-24,HAEDALUSDT,HAEDALUSDT-aggTrades-2026-07-24.zip,ok,27112
2026-07-24,HBARUSDT,HBARUSDT-1m-2026-07-24.zip,ok,47158
2026-07-24,HBARUSDT,HBARUSDT-aggTrades-2026-07-24.zip,ok,396621
2026-07-24,HEIUSDT,HEIUSDT-1m-2026-07-24.zip,ok,44506
2026-07-24,HEIUSDT,HEIUSDT-aggTrades-2026-07-24.zip,ok,330972
2026-07-24,HEMIUSDT,HEMIUSDT-1m-2026-07-24.zip,ok,43101
2026-07-24,HEMIUSDT,HEMIUSDT-aggTrades-2026-07-24.zip,ok,343726
2026-07-24,HFTUSDT,HFTUSDT-1m-2026-07-24.zip,ok,54891
2026-07-24,HFTUSDT,HFTUSDT-aggTrades-2026-07-24.zip,ok,592162
2026-07-24,HIVEUSDT,HIVEUSDT-1m-2026-07-24.zip,ok,16998
2026-07-24,HIVEUSDT,HIVEUSDT-aggTrades-2026-07-24.zip,ok,18261
2026-07-24,HMSTRUSDT,HMSTRUSDT-1m-2026-07-24.zip,ok,39554
2026-07-24,HMSTRUSDT,HMSTRUSDT-aggTrades-2026-07-24.zip,ok,213300
2026-07-24,HOLOUSDT,HOLOUSDT-1m-2026-07-24.zip,ok,26531
2026-07-24,HOLOUSDT,HOLOUSDT-aggTrades-2026-07-24.zip,ok,67836
2026-07-24,HOMEUSDT,HOMEUSDT-1m-2026-07-24.zip,ok,49543
2026-07-24,HOMEUSDT,HOMEUSDT-aggTrades-2026-07-24.zip,ok,828457
2026-07-24,HOODBUSDT,HOODBUSDT-1m-2026-07-24.zip,ok,20327
2026-07-24,HOODBUSDT,HOODBUSDT-aggTrades-2026-07-24.zip,ok,36882
2026-07-24,HOTUSDT,HOTUSDT-1m-2026-07-24.zip,ok,19078
2026-07-24,HOTUSDT,HOTUSDT-aggTrades-2026-07-24.zip,ok,27179
2026-07-24,HUMAUSDT,HUMAUSDT-1m-2026-07-24.zip,ok,25407
2026-07-24,HUMAUSDT,HUMAUSDT-aggTrades-2026-07-24.zip,ok,41510
2026-07-24,IBMBUSDT,IBMBUSDT-1m-2026-07-24.zip,ok,28248
2026-07-24,IBMBUSDT,IBMBUSDT-aggTrades-2026-07-24.zip,ok,191522
2026-07-24,ICPUSDT,ICPUSDT-1m-2026-07-24.zip,ok,38483
2026-07-24,ICPUSDT,ICPUSDT-aggTrades-2026-07-24.zip,ok,134368
2026-07-24,ICXUSDT,ICXUSDT-1m-2026-07-24.zip,ok,12612
2026-07-24,ICXUSDT,ICXUSDT-aggTrades-2026-07-24.zip,ok,7810
2026-07-24,IDUSDT,IDUSDT-1m-2026-07-24.zip,ok,20133
2026-07-24,IDUSDT,IDUSDT-aggTrades-2026-07-24.zip,ok,32529
2026-07-24,ILVUSDT,ILVUSDT-1m-2026-07-24.zip,ok,16594
2026-07-24,ILVUSDT,ILVUSDT-aggTrades-2026-07-24.zip,ok,19191
2026-07-24,IMXUSDT,IMXUSDT-1m-2026-07-24.zip,ok,22773
2026-07-24,IMXUSDT,IMXUSDT-aggTrades-2026-07-24.zip,ok,40162
2026-07-24,INITUSDT,INITUSDT-1m-2026-07-24.zip,ok,20623
2026-07-24,INITUSDT,INITUSDT-aggTrades-2026-07-24.zip,ok,28851
2026-07-24,INJUSDT,INJUSDT-1m-2026-07-24.zip,ok,49925
2026-07-24,INJUSDT,INJUSDT-aggTrades-2026-07-24.zip,ok,592512
2026-07-24,INTCBUSDT,INTCBUSDT-1m-2026-07-24.zip,ok,34797
2026-07-24,INTCBUSDT,INTCBUSDT-aggTrades-2026-07-24.zip,ok,218100
2026-07-24,INTWBUSDT,INTWBUSDT-1m-2026-07-24.zip,ok,30566
2026-07-24,INTWBUSDT,INTWBUSDT-aggTrades-2026-07-24.zip,ok,88555
2026-07-24,IOSTUSDT,IOSTUSDT-1m-2026-07-24.zip,ok,25301
2026-07-24,IOSTUSDT,IOSTUSDT-aggTrades-2026-07-24.zip,ok,36126
2026-07-24,IOTAUSDT,IOTAUSDT-1m-2026-07-24.zip,ok,20841
2026-07-24,IOTAUSDT,IOTAUSDT-aggTrades-2026-07-24.zip,ok,30877
2026-07-24,IOTXUSDT,IOTXUSDT-1m-2026-07-24.zip,ok,17252
2026-07-24,IOTXUSDT,IOTXUSDT-aggTrades-2026-07-24.zip,ok,13038
2026-07-24,IOUSDT,IOUSDT-1m-2026-07-24.zip,ok,29181
2026-07-24,IOUSDT,IOUSDT-aggTrades-2026-07-24.zip,ok,72153
2026-07-24,IQUSDT,IQUSDT-1m-2026-07-24.zip,ok,14812
2026-07-24,IQUSDT,IQUSDT-aggTrades-2026-07-24.zip,ok,7864
2026-07-24,JASMYUSDT,JASMYUSDT-1m-2026-07-24.zip,ok,20354
2026-07-24,JASMYUSDT,JASMYUSDT-aggTrades-2026-07-24.zip,ok,29900
2026-07-24,JOEUSDT,JOEUSDT-1m-2026-07-24.zip,ok,14633
2026-07-24,JOEUSDT,JOEUSDT-aggTrades-2026-07-24.zip,ok,19092
2026-07-24,JSTUSDT,JSTUSDT-1m-2026-07-24.zip,ok,46174
2026-07-24,JSTUSDT,JSTUSDT-aggTrades-2026-07-24.zip,ok,311669
2026-07-24,JTOUSDT,JTOUSDT-1m-2026-07-24.zip,ok,48761
2026-07-24,JTOUSDT,JTOUSDT-aggTrades-2026-07-24.zip,ok,519258
2026-07-24,JUVUSDT,JUVUSDT-1m-2026-07-24.zip,ok,26653
2026-07-24,JUVUSDT,JUVUSDT-aggTrades-2026-07-24.zip,ok,40266
2026-07-24,KAIAUSDT,KAIAUSDT-1m-2026-07-24.zip,ok,19128
2026-07-24,KAIAUSDT,KAIAUSDT-aggTrades-2026-07-24.zip,ok,28797
2026-07-24,KAITOUSDT,KAITOUSDT-1m-2026-07-24.zip,ok,56218
2026-07-24,KAITOUSDT,KAITOUSDT-aggTrades-2026-07-24.zip,ok,4068536
2026-07-24,KATUSDT,KATUSDT-1m-2026-07-24.zip,ok,23198
2026-07-24,KATUSDT,KATUSDT-aggTrades-2026-07-24.zip,ok,47407
2026-07-24,KAVAUSDT,KAVAUSDT-1m-2026-07-24.zip,ok,20089
2026-07-24,KAVAUSDT,KAVAUSDT-aggTrades-2026-07-24.zip,ok,27305
2026-07-24,KERNELUSDT,KERNELUSDT-1m-2026-07-24.zip,ok,25705
2026-07-24,KERNELUSDT,KERNELUSDT-aggTrades-2026-07-24.zip,ok,51921
2026-07-24,KGSTUSDT,KGSTUSDT-1m-2026-07-24.zip,ok,22344
2026-07-24,KGSTUSDT,KGSTUSDT-aggTrades-2026-07-24.zip,ok,66066
2026-07-24,KMNOUSDT,KMNOUSDT-1m-2026-07-24.zip,ok,26892
2026-07-24,KMNOUSDT,KMNOUSDT-aggTrades-2026-07-24.zip,ok,61294
2026-07-24,KNCUSDT,KNCUSDT-1m-2026-07-24.zip,ok,14858
2026-07-24,KNCUSDT,KNCUSDT-aggTrades-2026-07-24.zip,ok,12706
2026-07-24,KORUBUSDT,KORUBUSDT-1m-2026-07-24.zip,ok,35496
2026-07-24,KORUBUSDT,KORUBUSDT-aggTrades-2026-07-24.zip,ok,143139
2026-07-24,KSMUSDT,KSMUSDT-1m-2026-07-24.zip,ok,17428
2026-07-24,KSMUSDT,KSMUSDT-aggTrades-2026-07-24.zip,ok,16084
2026-07-24,LAUSDT,LAUSDT-1m-2026-07-24.zip,ok,51881
2026-07-24,LAUSDT,LAUSDT-aggTrades-2026-07-24.zip,ok,818658
2026-07-24,LAYERUSDT,LAYERUSDT-1m-2026-07-24.zip,ok,20588
2026-07-24,LAYERUSDT,LAYERUSDT-aggTrades-2026-07-24.zip,ok,30684
2026-07-24,LAZIOUSDT,LAZIOUSDT-1m-2026-07-24.zip,ok,32851
2026-07-24,LAZIOUSDT,LAZIOUSDT-aggTrades-2026-07-24.zip,ok,71572
2026-07-24,LDOUSDT,LDOUSDT-1m-2026-07-24.zip,ok,48764
2026-07-24,LDOUSDT,LDOUSDT-aggTrades-2026-07-24.zip,ok,324210
2026-07-24,LINEAUSDT,LINEAUSDT-1m-2026-07-24.zip,ok,28818
2026-07-24,LINEAUSDT,LINEAUSDT-aggTrades-2026-07-24.zip,ok,69904
2026-07-24,LISTAUSDT,LISTAUSDT-1m-2026-07-24.zip,ok,29769
2026-07-24,LISTAUSDT,LISTAUSDT-aggTrades-2026-07-24.zip,ok,81043
2026-07-24,LITEBUSDT,LITEBUSDT-1m-2026-07-24.zip,ok,18131
2026-07-24,LITEBUSDT,LITEBUSDT-aggTrades-2026-07-24.zip,ok,20566
2026-07-24,LPTUSDT,LPTUSDT-1m-2026-07-24.zip,ok,20605
2026-07-24,LPTUSDT,LPTUSDT-aggTrades-2026-07-24.zip,ok,26172
2026-07-24,LQTYUSDT,LQTYUSDT-1m-2026-07-24.zip,ok,15137
2026-07-24,LQTYUSDT,LQTYUSDT-aggTrades-2026-07-24.zip,ok,9608
2026-07-24,LSKUSDT,LSKUSDT-1m-2026-07-24.zip,ok,21946
2026-07-24,LSKUSDT,LSKUSDT-aggTrades-2026-07-24.zip,ok,66435
2026-07-24,LUMIAUSDT,LUMIAUSDT-1m-2026-07-24.zip,ok,36782
2026-07-24,LUMIAUSDT,LUMIAUSDT-aggTrades-2026-07-24.zip,ok,145731
2026-07-24,LUNAUSDT,LUNAUSDT-1m-2026-07-24.zip,ok,23874
2026-07-24,LUNAUSDT,LUNAUSDT-aggTrades-2026-07-24.zip,ok,41683
2026-07-24,LUNCUSDT,LUNCUSDT-1m-2026-07-24.zip,ok,51921
2026-07-24,LUNCUSDT,LUNCUSDT-aggTrades-2026-07-24.zip,ok,240588
2026-07-24,MAGICUSDT,MAGICUSDT-1m-2026-07-24.zip,ok,20734
2026-07-24,MAGICUSDT,MAGICUSDT-aggTrades-2026-07-24.zip,ok,40087
2026-07-24,MANAUSDT,MANAUSDT-1m-2026-07-24.zip,ok,23110
2026-07-24,MANAUSDT,MANAUSDT-aggTrades-2026-07-24.zip,ok,47250
2026-07-24,MANTAUSDT,MANTAUSDT-1m-2026-07-24.zip,ok,27137
2026-07-24,MANTAUSDT,MANTAUSDT-aggTrades-2026-07-24.zip,ok,54600
2026-07-24,MANTRAUSDT,MANTRAUSDT-1m-2026-07-24.zip,ok,29020
2026-07-24,MANTRAUSDT,MANTRAUSDT-aggTrades-2026-07-24.zip,ok,69687
2026-07-24,MASKUSDT,MASKUSDT-1m-2026-07-24.zip,ok,15101
2026-07-24,MASKUSDT,MASKUSDT-aggTrades-2026-07-24.zip,ok,16419
2026-07-24,MAVUSDT,MAVUSDT-1m-2026-07-24.zip,ok,26405
2026-07-24,MAVUSDT,MAVUSDT-aggTrades-2026-07-24.zip,ok,53050
2026-07-24,MBLUSDT,MBLUSDT-1m-2026-07-24.zip,ok,43958
2026-07-24,MBLUSDT,MBLUSDT-aggTrades-2026-07-24.zip,ok,475947
2026-07-24,MEMEUSDT,MEMEUSDT-1m-2026-07-24.zip,ok,25904
2026-07-24,MEMEUSDT,MEMEUSDT-aggTrades-2026-07-24.zip,ok,71605
2026-07-24,METABUSDT,METABUSDT-1m-2026-07-24.zip,ok,20553
2026-07-24,METABUSDT,METABUSDT-aggTrades-2026-07-24.zip,ok,39035
2026-07-24,METISUSDT,METISUSDT-1m-2026-07-24.zip,ok,14701
2026-07-24,METISUSDT,METISUSDT-aggTrades-2026-07-24.zip,ok,10187
2026-07-24,METUSDT,METUSDT-1m-2026-07-24.zip,ok,36393
2026-07-24,METUSDT,METUSDT-aggTrades-2026-07-24.zip,ok,182089
2026-07-24,MEUSDT,MEUSDT-1m-2026-07-24.zip,ok,26889
2026-07-24,MEUSDT,MEUSDT-aggTrades-2026-07-24.zip,ok,51973
2026-07-24,MINAUSDT,MINAUSDT-1m-2026-07-24.zip,ok,18364
2026-07-24,MINAUSDT,MINAUSDT-aggTrades-2026-07-24.zip,ok,18631
2026-07-24,MIRAUSDT,MIRAUSDT-1m-2026-07-24.zip,ok,31131
2026-07-24,MIRAUSDT,MIRAUSDT-aggTrades-2026-07-24.zip,ok,84515
2026-07-24,MITOUSDT,MITOUSDT-1m-2026-07-24.zip,ok,33316
2026-07-24,MITOUSDT,MITOUSDT-aggTrades-2026-07-24.zip,ok,122750
2026-07-24,MMTUSDT,MMTUSDT-1m-2026-07-24.zip,ok,28792
2026-07-24,MMTUSDT,MMTUSDT-aggTrades-2026-07-24.zip,ok,67769
2026-07-24,MORPHOUSDT,MORPHOUSDT-1m-2026-07-24.zip,ok,37880
2026-07-24,MORPHOUSDT,MORPHOUSDT-aggTrades-2026-07-24.zip,ok,173942
2026-07-24,MOVEUSDT,MOVEUSDT-1m-2026-07-24.zip,ok,27025
2026-07-24,MOVEUSDT,MOVEUSDT-aggTrades-2026-07-24.zip,ok,83828
2026-07-24,MOVRUSDT,MOVRUSDT-1m-2026-07-24.zip,ok,26752
2026-07-24,MOVRUSDT,MOVRUSDT-aggTrades-2026-07-24.zip,ok,55727
2026-07-24,MRVLBUSDT,MRVLBUSDT-1m-2026-07-24.zip,ok,22807
2026-07-24,MRVLBUSDT,MRVLBUSDT-aggTrades-2026-07-24.zip,ok,68001
2026-07-24,MSFTBUSDT,MSFTBUSDT-1m-2026-07-24.zip,ok,17153
2026-07-24,MSFTBUSDT,MSFTBUSDT-aggTrades-2026-07-24.zip,ok,21700
2026-07-24,MSTRBUSDT,MSTRBUSDT-1m-2026-07-24.zip,ok,31446
2026-07-24,MSTRBUSDT,MSTRBUSDT-aggTrades-2026-07-24.zip,ok,211611
2026-07-24,MTLUSDT,MTLUSDT-1m-2026-07-24.zip,ok,10718
2026-07-24,MTLUSDT,MTLUSDT-aggTrades-2026-07-24.zip,ok,4257
2026-07-24,MUBARAKUSDT,MUBARAKUSDT-1m-2026-07-24.zip,ok,28112
2026-07-24,MUBARAKUSDT,MUBARAKUSDT-aggTrades-2026-07-24.zip,ok,55881
2026-07-24,MUUBUSDT,MUUBUSDT-1m-2026-07-24.zip,ok,28000
2026-07-24,MUUBUSDT,MUUBUSDT-aggTrades-2026-07-24.zip,ok,70954
2026-07-24,MVLLBUSDT,MVLLBUSDT-1m-2026-07-24.zip,ok,19273
2026-07-24,MVLLBUSDT,MVLLBUSDT-aggTrades-2026-07-24.zip,ok,26702
2026-07-24,NBISBUSDT,NBISBUSDT-1m-2026-07-24.zip,ok,32593
2026-07-24,NBISBUSDT,NBISBUSDT-aggTrades-2026-07-24.zip,ok,92576
2026-07-24,NEIROUSDT,NEIROUSDT-1m-2026-07-24.zip,ok,46082
2026-07-24,NEIROUSDT,NEIROUSDT-aggTrades-2026-07-24.zip,ok,334287
2026-07-24,NEOUSDT,NEOUSDT-1m-2026-07-24.zip,ok,27093
2026-07-24,NEOUSDT,NEOUSDT-aggTrades-2026-07-24.zip,ok,45926
2026-07-24,NEWTUSDT,NEWTUSDT-1m-2026-07-24.zip,ok,23404
2026-07-24,NEWTUSDT,NEWTUSDT-aggTrades-2026-07-24.zip,ok,37511
2026-07-24,NEXOUSDT,NEXOUSDT-1m-2026-07-24.zip,ok,31483
2026-07-24,NEXOUSDT,NEXOUSDT-aggTrades-2026-07-24.zip,ok,91997
2026-07-24,NIGHTUSDT,NIGHTUSDT-1m-2026-07-24.zip,ok,43958
2026-07-24,NIGHTUSDT,NIGHTUSDT-aggTrades-2026-07-24.zip,ok,256898
2026-07-24,NILUSDT,NILUSDT-1m-2026-07-24.zip,ok,33220
2026-07-24,NILUSDT,NILUSDT-aggTrades-2026-07-24.zip,ok,64191
2026-07-24,NMRUSDT,NMRUSDT-1m-2026-07-24.zip,ok,15176
2026-07-24,NMRUSDT,NMRUSDT-aggTrades-2026-07-24.zip,ok,11096
2026-07-24,NOKBUSDT,NOKBUSDT-1m-2026-07-24.zip,ok,19288
2026-07-24,NOKBUSDT,NOKBUSDT-aggTrades-2026-07-24.zip,ok,26281
2026-07-24,NOMUSDT,NOMUSDT-1m-2026-07-24.zip,ok,23186
2026-07-24,NOMUSDT,NOMUSDT-aggTrades-2026-07-24.zip,ok,69174
2026-07-24,NOTUSDT,NOTUSDT-1m-2026-07-24.zip,ok,21163
2026-07-24,NOTUSDT,NOTUSDT-aggTrades-2026-07-24.zip,ok,26421
2026-07-24,NVDABUSDT,NVDABUSDT-1m-2026-07-24.zip,ok,32077
2026-07-24,NVDABUSDT,NVDABUSDT-aggTrades-2026-07-24.zip,ok,97681
2026-07-24,NXPCUSDT,NXPCUSDT-1m-2026-07-24.zip,ok,36814
2026-07-24,NXPCUSDT,NXPCUSDT-aggTrades-2026-07-24.zip,ok,95897
2026-07-24,OGNUSDT,OGNUSDT-1m-2026-07-24.zip,ok,20484
2026-07-24,OGNUSDT,OGNUSDT-aggTrades-2026-07-24.zip,ok,31496
2026-07-24,OGUSDT,OGUSDT-1m-2026-07-24.zip,ok,21039
2026-07-24,OGUSDT,OGUSDT-aggTrades-2026-07-24.zip,ok,26938
2026-07-24,ONEUSDT,ONEUSDT-1m-2026-07-24.zip,ok,27082
2026-07-24,ONEUSDT,ONEUSDT-aggTrades-2026-07-24.zip,ok,94910
2026-07-24,ONGUSDT,ONGUSDT-1m-2026-07-24.zip,ok,19388
2026-07-24,ONGUSDT,ONGUSDT-aggTrades-2026-07-24.zip,ok,20641
2026-07-24,ONTUSDT,ONTUSDT-1m-2026-07-24.zip,ok,21536
2026-07-24,ONTUSDT,ONTUSDT-aggTrades-2026-07-24.zip,ok,32046
2026-07-24,OPENUSDT,OPENUSDT-1m-2026-07-24.zip,ok,34430
2026-07-24,OPENUSDT,OPENUSDT-aggTrades-2026-07-24.zip,ok,144744
2026-07-24,OPGUSDT,OPGUSDT-1m-2026-07-24.zip,ok,28160
2026-07-24,OPGUSDT,OPGUSDT-aggTrades-2026-07-24.zip,ok,63599
2026-07-24,OPUSDT,OPUSDT-1m-2026-07-24.zip,ok,37520
2026-07-24,OPUSDT,OPUSDT-aggTrades-2026-07-24.zip,ok,141053
2026-07-24,ORCAUSDT,ORCAUSDT-1m-2026-07-24.zip,ok,22448
2026-07-24,ORCAUSDT,ORCAUSDT-aggTrades-2026-07-24.zip,ok,29462
2026-07-24,ORCLBUSDT,ORCLBUSDT-1m-2026-07-24.zip,ok,18505
2026-07-24,ORCLBUSDT,ORCLBUSDT-aggTrades-2026-07-24.zip,ok,30899
2026-07-24,ORDIUSDT,ORDIUSDT-1m-2026-07-24.zip,ok,39128
2026-07-24,ORDIUSDT,ORDIUSDT-aggTrades-2026-07-24.zip,ok,193196
2026-07-24,OSMOUSDT,OSMOUSDT-1m-2026-07-24.zip,ok,28236
2026-07-24,OSMOUSDT,OSMOUSDT-aggTrades-2026-07-24.zip,ok,44886
2026-07-24,PARTIUSDT,PARTIUSDT-1m-2026-07-24.zip,ok,26363
2026-07-24,PARTIUSDT,PARTIUSDT-aggTrades-2026-07-24.zip,ok,79673
2026-07-24,PENDLEUSDT,PENDLEUSDT-1m-2026-07-24.zip,ok,33434
2026-07-24,PENDLEUSDT,PENDLEUSDT-aggTrades-2026-07-24.zip,ok,116720
2026-07-24,PENGUUSDT,PENGUUSDT-1m-2026-07-24.zip,ok,49494
2026-07-24,PENGUUSDT,PENGUUSDT-aggTrades-2026-07-24.zip,ok,339168
2026-07-24,PEOPLEUSDT,PEOPLEUSDT-1m-2026-07-24.zip,ok,20060
2026-07-24,PEOPLEUSDT,PEOPLEUSDT-aggTrades-2026-07-24.zip,ok,27529
2026-07-24,PHAUSDT,PHAUSDT-1m-2026-07-24.zip,ok,20106
2026-07-24,PHAUSDT,PHAUSDT-aggTrades-2026-07-24.zip,ok,31993
2026-07-24,PIVXUSDT,PIVXUSDT-1m-2026-07-24.zip,ok,25380
2026-07-24,PIVXUSDT,PIVXUSDT-aggTrades-2026-07-24.zip,ok,45209
2026-07-24,PIXELUSDT,PIXELUSDT-1m-2026-07-24.zip,ok,26782
2026-07-24,PIXELUSDT,PIXELUSDT-aggTrades-2026-07-24.zip,ok,56330
2026-07-24,PLTRBUSDT,PLTRBUSDT-1m-2026-07-24.zip,ok,21737
2026-07-24,PLTRBUSDT,PLTRBUSDT-aggTrades-2026-07-24.zip,ok,33488
2026-07-24,PLUMEUSDT,PLUMEUSDT-1m-2026-07-24.zip,ok,36347
2026-07-24,PLUMEUSDT,PLUMEUSDT-aggTrades-2026-07-24.zip,ok,127830
2026-07-24,PNUTUSDT,PNUTUSDT-1m-2026-07-24.zip,ok,21627
2026-07-24,PNUTUSDT,PNUTUSDT-aggTrades-2026-07-24.zip,ok,58306
2026-07-24,POLUSDT,POLUSDT-1m-2026-07-24.zip,ok,47220
2026-07-24,POLUSDT,POLUSDT-aggTrades-2026-07-24.zip,ok,309260
2026-07-24,POLYXUSDT,POLYXUSDT-1m-2026-07-24.zip,ok,15991
2026-07-24,POLYXUSDT,POLYXUSDT-aggTrades-2026-07-24.zip,ok,25160
2026-07-24,PORTALUSDT,PORTALUSDT-1m-2026-07-24.zip,ok,35029
2026-07-24,PORTALUSDT,PORTALUSDT-aggTrades-2026-07-24.zip,ok,101796
2026-07-24,PORTOUSDT,PORTOUSDT-1m-2026-07-24.zip,ok,35132
2026-07-24,PORTOUSDT,PORTOUSDT-aggTrades-2026-07-24.zip,ok,82778
2026-07-24,POWRUSDT,POWRUSDT-1m-2026-07-24.zip,ok,15357
2026-07-24,POWRUSDT,POWRUSDT-aggTrades-2026-07-24.zip,ok,10607
2026-07-24,PROMUSDT,PROMUSDT-1m-2026-07-24.zip,ok,51149
2026-07-24,PROMUSDT,PROMUSDT-aggTrades-2026-07-24.zip,ok,722102
2026-07-24,PROVEUSDT,PROVEUSDT-1m-2026-07-24.zip,ok,22950
2026-07-24,PROVEUSDT,PROVEUSDT-aggTrades-2026-07-24.zip,ok,48615
2026-07-24,PSGUSDT,PSGUSDT-1m-2026-07-24.zip,ok,26580
2026-07-24,PSGUSDT,PSGUSDT-aggTrades-2026-07-24.zip,ok,39668
2026-07-24,PUNDIXUSDT,PUNDIXUSDT-1m-2026-07-24.zip,ok,13027
2026-07-24,PUNDIXUSDT,PUNDIXUSDT-aggTrades-2026-07-24.zip,ok,5662
2026-07-24,PYRUSDT,PYRUSDT-1m-2026-07-24.zip,ok,41422
2026-07-24,PYRUSDT,PYRUSDT-aggTrades-2026-07-24.zip,ok,157423
2026-07-24,PYTHUSDT,PYTHUSDT-1m-2026-07-24.zip,ok,43003
2026-07-24,PYTHUSDT,PYTHUSDT-aggTrades-2026-07-24.zip,ok,311127
2026-07-24,QCOMBUSDT,QCOMBUSDT-1m-2026-07-24.zip,ok,22970
2026-07-24,QCOMBUSDT,QCOMBUSDT-aggTrades-2026-07-24.zip,ok,52365
2026-07-24,QIUSDT,QIUSDT-1m-2026-07-24.zip,ok,35241
2026-07-24,QIUSDT,QIUSDT-aggTrades-2026-07-24.zip,ok,68758
2026-07-24,QKCUSDT,QKCUSDT-1m-2026-07-24.zip,ok,25734
2026-07-24,QKCUSDT,QKCUSDT-aggTrades-2026-07-24.zip,ok,35219
2026-07-24,QNTBUSDT,QNTBUSDT-1m-2026-07-24.zip,ok,14540
2026-07-24,QNTBUSDT,QNTBUSDT-aggTrades-2026-07-24.zip,ok,6072
2026-07-24,QNTUSDT,QNTUSDT-1m-2026-07-24.zip,ok,28726
2026-07-24,QNTUSDT,QNTUSDT-aggTrades-2026-07-24.zip,ok,102822
2026-07-24,QQQBUSDT,QQQBUSDT-1m-2026-07-24.zip,ok,30832
2026-07-24,QQQBUSDT,QQQBUSDT-aggTrades-2026-07-24.zip,ok,157287
2026-07-24,QTUMUSDT,QTUMUSDT-1m-2026-07-24.zip,ok,29782
2026-07-24,QTUMUSDT,QTUMUSDT-aggTrades-2026-07-24.zip,ok,81180
2026-07-24,QUICKUSDT,QUICKUSDT-1m-2026-07-24.zip,ok,17263
2026-07-24,QUICKUSDT,QUICKUSDT-aggTrades-2026-07-24.zip,ok,15230
2026-07-24,RADUSDT,RADUSDT-1m-2026-07-24.zip,ok,22922
2026-07-24,RADUSDT,RADUSDT-aggTrades-2026-07-24.zip,ok,29496
2026-07-24,RAREUSDT,RAREUSDT-1m-2026-07-24.zip,ok,20372
2026-07-24,RAREUSDT,RAREUSDT-aggTrades-2026-07-24.zip,ok,26394
2026-07-24,RAYUSDT,RAYUSDT-1m-2026-07-24.zip,ok,26427
2026-07-24,RAYUSDT,RAYUSDT-aggTrades-2026-07-24.zip,ok,65429
2026-07-24,REDUSDT,REDUSDT-1m-2026-07-24.zip,ok,21303
2026-07-24,REDUSDT,REDUSDT-aggTrades-2026-07-24.zip,ok,33305
2026-07-24,RENDERUSDT,RENDERUSDT-1m-2026-07-24.zip,ok,34148
2026-07-24,RENDERUSDT,RENDERUSDT-aggTrades-2026-07-24.zip,ok,82038
2026-07-24,REQUSDT,REQUSDT-1m-2026-07-24.zip,ok,20028
2026-07-24,REQUSDT,REQUSDT-aggTrades-2026-07-24.zip,ok,19506
2026-07-24,RESOLVUSDT,RESOLVUSDT-1m-2026-07-24.zip,ok,28402
2026-07-24,RESOLVUSDT,RESOLVUSDT-aggTrades-2026-07-24.zip,ok,55847
2026-07-24,REZUSDT,REZUSDT-1m-2026-07-24.zip,ok,34569
2026-07-24,REZUSDT,REZUSDT-aggTrades-2026-07-24.zip,ok,129874
2026-07-24,RIFUSDT,RIFUSDT-1m-2026-07-24.zip,ok,52344
2026-07-24,RIFUSDT,RIFUSDT-aggTrades-2026-07-24.zip,ok,1574722
2026-07-24,RKLBBUSDT,RKLBBUSDT-1m-2026-07-24.zip,ok,22166
2026-07-24,RKLBBUSDT,RKLBBUSDT-aggTrades-2026-07-24.zip,ok,41512
2026-07-24,RLCUSDT,RLCUSDT-1m-2026-07-24.zip,ok,16800
2026-07-24,RLCUSDT,RLCUSDT-aggTrades-2026-07-24.zip,ok,17362
2026-07-24,ROBOUSDT,ROBOUSDT-1m-2026-07-24.zip,ok,24231
2026-07-24,ROBOUSDT,ROBOUSDT-aggTrades-2026-07-24.zip,ok,43095
2026-07-24,RONINUSDT,RONINUSDT-1m-2026-07-24.zip,ok,25838
2026-07-24,RONINUSDT,RONINUSDT-aggTrades-2026-07-24.zip,ok,52361
2026-07-24,ROSEUSDT,ROSEUSDT-1m-2026-07-24.zip,ok,25744
2026-07-24,ROSEUSDT,ROSEUSDT-aggTrades-2026-07-24.zip,ok,42356
2026-07-24,RPLUSDT,RPLUSDT-1m-2026-07-24.zip,ok,15101
2026-07-24,RPLUSDT,RPLUSDT-aggTrades-2026-07-24.zip,ok,12940
2026-07-24,RSRUSDT,RSRUSDT-1m-2026-07-24.zip,ok,25410
2026-07-24,RSRUSDT,RSRUSDT-aggTrades-2026-07-24.zip,ok,43221
2026-07-24,RUNEUSDT,RUNEUSDT-1m-2026-07-24.zip,ok,19114
2026-07-24,RUNEUSDT,RUNEUSDT-aggTrades-2026-07-24.zip,ok,36872
2026-07-24,RVNUSDT,RVNUSDT-1m-2026-07-24.zip,ok,18760
2026-07-24,RVNUSDT,RVNUSDT-aggTrades-2026-07-24.zip,ok,21943
2026-07-24,SAGAUSDT,SAGAUSDT-1m-2026-07-24.zip,ok,37369
2026-07-24,SAGAUSDT,SAGAUSDT-aggTrades-2026-07-24.zip,ok,321991
2026-07-24,SAHARAUSDT,SAHARAUSDT-1m-2026-07-24.zip,ok,24646
2026-07-24,SAHARAUSDT,SAHARAUSDT-aggTrades-2026-07-24.zip,ok,50005
2026-07-24,SANDUSDT,SANDUSDT-1m-2026-07-24.zip,ok,34517
2026-07-24,SANDUSDT,SANDUSDT-aggTrades-2026-07-24.zip,ok,194352
2026-07-24,SANTOSUSDT,SANTOSUSDT-1m-2026-07-24.zip,ok,18436
2026-07-24,SANTOSUSDT,SANTOSUSDT-aggTrades-2026-07-24.zip,ok,25052
2026-07-24,SAPIENUSDT,SAPIENUSDT-1m-2026-07-24.zip,ok,25637
2026-07-24,SAPIENUSDT,SAPIENUSDT-aggTrades-2026-07-24.zip,ok,60679
2026-07-24,SCRTUSDT,SCRTUSDT-1m-2026-07-24.zip,ok,21674
2026-07-24,SCRTUSDT,SCRTUSDT-aggTrades-2026-07-24.zip,ok,35097
2026-07-24,SCRUSDT,SCRUSDT-1m-2026-07-24.zip,ok,36142
2026-07-24,SCRUSDT,SCRUSDT-aggTrades-2026-07-24.zip,ok,228486
2026-07-24,SCUSDT,SCUSDT-1m-2026-07-24.zip,ok,22856
2026-07-24,SCUSDT,SCUSDT-aggTrades-2026-07-24.zip,ok,26588
2026-07-24,SEIUSDT,SEIUSDT-1m-2026-07-24.zip,ok,45177
2026-07-24,SEIUSDT,SEIUSDT-aggTrades-2026-07-24.zip,ok,278676
2026-07-24,SFPUSDT,SFPUSDT-1m-2026-07-24.zip,ok,16818
2026-07-24,SFPUSDT,SFPUSDT-aggTrades-2026-07-24.zip,ok,18734
2026-07-24,SHELLUSDT,SHELLUSDT-1m-2026-07-24.zip,ok,17131
2026-07-24,SHELLUSDT,SHELLUSDT-aggTrades-2026-07-24.zip,ok,17588
2026-07-24,SHIBUSDT,SHIBUSDT-1m-2026-07-24.zip,ok,44123
2026-07-24,SHIBUSDT,SHIBUSDT-aggTrades-2026-07-24.zip,ok,117575
2026-07-24,SIGNUSDT,SIGNUSDT-1m-2026-07-24.zip,ok,27270
2026-07-24,SIGNUSDT,SIGNUSDT-aggTrades-2026-07-24.zip,ok,48505
2026-07-24,SKHYBUSDT,SKHYBUSDT-1m-2026-07-24.zip,ok,47676
2026-07-24,SKHYBUSDT,SKHYBUSDT-aggTrades-2026-07-24.zip,ok,560903
2026-07-24,SKLUSDT,SKLUSDT-1m-2026-07-24.zip,ok,30602
2026-07-24,SKLUSDT,SKLUSDT-aggTrades-2026-07-24.zip,ok,187674
2026-07-24,SKYUSDT,SKYUSDT-1m-2026-07-24.zip,ok,43003
2026-07-24,SKYUSDT,SKYUSDT-aggTrades-2026-07-24.zip,ok,280177
2026-07-24,SLPUSDT,SLPUSDT-1m-2026-07-24.zip,ok,20491
2026-07-24,SLPUSDT,SLPUSDT-aggTrades-2026-07-24.zip,ok,29744
2026-07-24,SNXUSDT,SNXUSDT-1m-2026-07-24.zip,ok,19811
2026-07-24,SNXUSDT,SNXUSDT-aggTrades-2026-07-24.zip,ok,42527
2026-07-24,SNXXBUSDT,SNXXBUSDT-1m-2026-07-24.zip,ok,28989
2026-07-24,SNXXBUSDT,SNXXBUSDT-aggTrades-2026-07-24.zip,ok,105549
2026-07-24,SOLVUSDT,SOLVUSDT-1m-2026-07-24.zip,ok,16323
2026-07-24,SOLVUSDT,SOLVUSDT-aggTrades-2026-07-24.zip,ok,22967
2026-07-24,SOMIUSDT,SOMIUSDT-1m-2026-07-24.zip,ok,20922
2026-07-24,SOMIUSDT,SOMIUSDT-aggTrades-2026-07-24.zip,ok,27966
2026-07-24,SOPHUSDT,SOPHUSDT-1m-2026-07-24.zip,ok,18177
2026-07-24,SOPHUSDT,SOPHUSDT-aggTrades-2026-07-24.zip,ok,20014
2026-07-24,SOXLBUSDT,SOXLBUSDT-1m-2026-07-24.zip,ok,45577
2026-07-24,SOXLBUSDT,SOXLBUSDT-aggTrades-2026-07-24.zip,ok,365920
2026-07-24,SPELLUSDT,SPELLUSDT-1m-2026-07-24.zip,ok,24408
2026-07-24,SPELLUSDT,SPELLUSDT-aggTrades-2026-07-24.zip,ok,92384
2026-07-24,SPKUSDT,SPKUSDT-1m-2026-07-24.zip,ok,33148
2026-07-24,SPKUSDT,SPKUSDT-aggTrades-2026-07-24.zip,ok,168420
2026-07-24,SPYBUSDT,SPYBUSDT-1m-2026-07-24.zip,ok,15446
2026-07-24,SPYBUSDT,SPYBUSDT-aggTrades-2026-07-24.zip,ok,14003
2026-07-24,SSVUSDT,SSVUSDT-1m-2026-07-24.zip,ok,18753
2026-07-24,SSVUSDT,SSVUSDT-aggTrades-2026-07-24.zip,ok,18728
2026-07-24,STEEMUSDT,STEEMUSDT-1m-2026-07-24.zip,ok,16018
2026-07-24,STEEMUSDT,STEEMUSDT-aggTrades-2026-07-24.zip,ok,24334
2026-07-24,STGUSDT,STGUSDT-1m-2026-07-24.zip,ok,23140
2026-07-24,STGUSDT,STGUSDT-aggTrades-2026-07-24.zip,ok,42468
2026-07-24,STORJUSDT,STORJUSDT-1m-2026-07-24.zip,ok,13474
2026-07-24,STORJUSDT,STORJUSDT-aggTrades-2026-07-24.zip,ok,7914
2026-07-24,STOUSDT,STOUSDT-1m-2026-07-24.zip,ok,27844
2026-07-24,STOUSDT,STOUSDT-aggTrades-2026-07-24.zip,ok,77123
2026-07-24,STRAXUSDT,STRAXUSDT-1m-2026-07-24.zip,ok,27640
2026-07-24,STRAXUSDT,STRAXUSDT-aggTrades-2026-07-24.zip,ok,48613
2026-07-24,STRKUSDT,STRKUSDT-1m-2026-07-24.zip,ok,34848
2026-07-24,STRKUSDT,STRKUSDT-aggTrades-2026-07-24.zip,ok,135997
2026-07-24,STXUSDT,STXUSDT-1m-2026-07-24.zip,ok,44569
2026-07-24,STXUSDT,STXUSDT-aggTrades-2026-07-24.zip,ok,481052
2026-07-24,SUNUSDT,SUNUSDT-1m-2026-07-24.zip,ok,20269
2026-07-24,SUNUSDT,SUNUSDT-aggTrades-2026-07-24.zip,ok,79012
2026-07-24,SUPERUSDT,SUPERUSDT-1m-2026-07-24.zip,ok,16652
2026-07-24,SUPERUSDT,SUPERUSDT-aggTrades-2026-07-24.zip,ok,17901
2026-07-24,SUSDT,SUSDT-1m-2026-07-24.zip,ok,32177
2026-07-24,SUSDT,SUSDT-aggTrades-2026-07-24.zip,ok,89864
2026-07-24,SUSHIUSDT,SUSHIUSDT-1m-2026-07-24.zip,ok,29693
2026-07-24,SUSHIUSDT,SUSHIUSDT-aggTrades-2026-07-24.zip,ok,59837
2026-07-24,TFUELUSDT,TFUELUSDT-1m-2026-07-24.zip,ok,21550
2026-07-24,TFUELUSDT,TFUELUSDT-aggTrades-2026-07-24.zip,ok,22220
2026-07-24,THETAUSDT,THETAUSDT-1m-2026-07-24.zip,ok,23640
2026-07-24,THETAUSDT,THETAUSDT-aggTrades-2026-07-24.zip,ok,37230
2026-07-24,THEUSDT,THEUSDT-1m-2026-07-24.zip,ok,25856
2026-07-24,THEUSDT,THEUSDT-aggTrades-2026-07-24.zip,ok,47169
2026-07-24,TIAUSDT,TIAUSDT-1m-2026-07-24.zip,ok,44044
2026-07-24,TIAUSDT,TIAUSDT-aggTrades-2026-07-24.zip,ok,235927
2026-07-24,TKOUSDT,TKOUSDT-1m-2026-07-24.zip,ok,25843
2026-07-24,TKOUSDT,TKOUSDT-aggTrades-2026-07-24.zip,ok,33017
2026-07-24,TNSRUSDT,TNSRUSDT-1m-2026-07-24.zip,ok,33420
2026-07-24,TNSRUSDT,TNSRUSDT-aggTrades-2026-07-24.zip,ok,239697
2026-07-24,TOWNSUSDT,TOWNSUSDT-1m-2026-07-24.zip,ok,34574
2026-07-24,TOWNSUSDT,TOWNSUSDT-aggTrades-2026-07-24.zip,ok,109754
2026-07-24,TQQQBUSDT,TQQQBUSDT-1m-2026-07-24.zip,ok,15995
2026-07-24,TQQQBUSDT,TQQQBUSDT-aggTrades-2026-07-24.zip,ok,50472
2026-07-24,TRBUSDT,TRBUSDT-1m-2026-07-24.zip,ok,24300
2026-07-24,TRBUSDT,TRBUSDT-aggTrades-2026-07-24.zip,ok,45470
2026-07-24,TREEUSDT,TREEUSDT-1m-2026-07-24.zip,ok,28191
2026-07-24,TREEUSDT,TREEUSDT-aggTrades-2026-07-24.zip,ok,65770
2026-07-24,TSLABUSDT,TSLABUSDT-1m-2026-07-24.zip,ok,47794
2026-07-24,TSLABUSDT,TSLABUSDT-aggTrades-2026-07-24.zip,ok,856654
2026-07-24,TSMBUSDT,TSMBUSDT-1m-2026-07-24.zip,ok,25032
2026-07-24,TSMBUSDT,TSMBUSDT-aggTrades-2026-07-24.zip,ok,86814
2026-07-24,TSTUSDT,TSTUSDT-1m-2026-07-24.zip,ok,31057
2026-07-24,TSTUSDT,TSTUSDT-aggTrades-2026-07-24.zip,ok,68577
2026-07-24,TURBOUSDT,TURBOUSDT-1m-2026-07-24.zip,ok,28762
2026-07-24,TURBOUSDT,TURBOUSDT-aggTrades-2026-07-24.zip,ok,64515
2026-07-24,TURTLEUSDT,TURTLEUSDT-1m-2026-07-24.zip,ok,17827
2026-07-24,TURTLEUSDT,TURTLEUSDT-aggTrades-2026-07-24.zip,ok,19078
2026-07-24,TUSDT,TUSDT-1m-2026-07-24.zip,ok,28266
2026-07-24,TUSDT,TUSDT-aggTrades-2026-07-24.zip,ok,96838
2026-07-24,TUTUSDT,TUTUSDT-1m-2026-07-24.zip,ok,27670
2026-07-24,TUTUSDT,TUTUSDT-aggTrades-2026-07-24.zip,ok,75714
2026-07-24,TWTUSDT,TWTUSDT-1m-2026-07-24.zip,ok,17083
2026-07-24,TWTUSDT,TWTUSDT-aggTrades-2026-07-24.zip,ok,20246
2026-07-24,UMAUSDT,UMAUSDT-1m-2026-07-24.zip,ok,13578
2026-07-24,UMAUSDT,UMAUSDT-aggTrades-2026-07-24.zip,ok,9359
2026-07-24,USUALUSDT,USUALUSDT-1m-2026-07-24.zip,ok,19699
2026-07-24,USUALUSDT,USUALUSDT-aggTrades-2026-07-24.zip,ok,23704
2026-07-24,VANAUSDT,VANAUSDT-1m-2026-07-24.zip,ok,53670
2026-07-24,VANAUSDT,VANAUSDT-aggTrades-2026-07-24.zip,ok,3943987
2026-07-24,VELODROMEUSDT,VELODROMEUSDT-1m-2026-07-24.zip,ok,21659
2026-07-24,VELODROMEUSDT,VELODROMEUSDT-aggTrades-2026-07-24.zip,ok,39122
2026-07-24,VETUSDT,VETUSDT-1m-2026-07-24.zip,ok,31639
2026-07-24,VETUSDT,VETUSDT-aggTrades-2026-07-24.zip,ok,87073
2026-07-24,VICUSDT,VICUSDT-1m-2026-07-24.zip,ok,17580
2026-07-24,VICUSDT,VICUSDT-aggTrades-2026-07-24.zip,ok,31409
2026-07-24,VIRTUALUSDT,VIRTUALUSDT-1m-2026-07-24.zip,ok,45548
2026-07-24,VIRTUALUSDT,VIRTUALUSDT-aggTrades-2026-07-24.zip,ok,390948
2026-07-24,VTHOUSDT,VTHOUSDT-1m-2026-07-24.zip,ok,16292
2026-07-24,VTHOUSDT,VTHOUSDT-aggTrades-2026-07-24.zip,ok,15294
2026-07-24,WALUSDT,WALUSDT-1m-2026-07-24.zip,ok,17585
2026-07-24,WALUSDT,WALUSDT-aggTrades-2026-07-24.zip,ok,23063
2026-07-24,WAXPUSDT,WAXPUSDT-1m-2026-07-24.zip,ok,17673
2026-07-24,WAXPUSDT,WAXPUSDT-aggTrades-2026-07-24.zip,ok,18172
2026-07-24,WBETHUSDT,WBETHUSDT-1m-2026-07-24.zip,ok,42987
2026-07-24,WBETHUSDT,WBETHUSDT-aggTrades-2026-07-24.zip,ok,260564
2026-07-24,WBTCUSDT,WBTCUSDT-1m-2026-07-24.zip,ok,43489
2026-07-24,WBTCUSDT,WBTCUSDT-aggTrades-2026-07-24.zip,ok,125986
2026-07-24,WCTUSDT,WCTUSDT-1m-2026-07-24.zip,ok,26628
2026-07-24,WCTUSDT,WCTUSDT-aggTrades-2026-07-24.zip,ok,65948
2026-07-24,WDCBUSDT,WDCBUSDT-1m-2026-07-24.zip,ok,21418
2026-07-24,WDCBUSDT,WDCBUSDT-aggTrades-2026-07-24.zip,ok,29216
2026-07-24,WIFUSDT,WIFUSDT-1m-2026-07-24.zip,ok,35031
2026-07-24,WIFUSDT,WIFUSDT-aggTrades-2026-07-24.zip,ok,100154
2026-07-24,WINUSDT,WINUSDT-1m-2026-07-24.zip,ok,41000
2026-07-24,WINUSDT,WINUSDT-aggTrades-2026-07-24.zip,ok,112556
2026-07-24,WLFIUSDT,WLFIUSDT-1m-2026-07-24.zip,ok,40790
2026-07-24,WLFIUSDT,WLFIUSDT-aggTrades-2026-07-24.zip,ok,339577
2026-07-24,WOOUSDT,WOOUSDT-1m-2026-07-24.zip,ok,17228
2026-07-24,WOOUSDT,WOOUSDT-aggTrades-2026-07-24.zip,ok,13854
2026-07-24,WUSDT,WUSDT-1m-2026-07-24.zip,ok,28614
2026-07-24,WUSDT,WUSDT-aggTrades-2026-07-24.zip,ok,58057
2026-07-24,XAIUSDT,XAIUSDT-1m-2026-07-24.zip,ok,24354
2026-07-24,XAIUSDT,XAIUSDT-aggTrades-2026-07-24.zip,ok,54385
2026-07-24,XECUSDT,XECUSDT-1m-2026-07-24.zip,ok,40247
2026-07-24,XECUSDT,XECUSDT-aggTrades-2026-07-24.zip,ok,118452
2026-07-24,XNOUSDT,XNOUSDT-1m-2026-07-24.zip,ok,27859
2026-07-24,XNOUSDT,XNOUSDT-aggTrades-2026-07-24.zip,ok,55655
2026-07-24,XTZUSDT,XTZUSDT-1m-2026-07-24.zip,ok,29961
2026-07-24,XTZUSDT,XTZUSDT-aggTrades-2026-07-24.zip,ok,83703
2026-07-24,XVGUSDT,XVGUSDT-1m-2026-07-24.zip,ok,28320
2026-07-24,XVGUSDT,XVGUSDT-aggTrades-2026-07-24.zip,ok,54491
2026-07-24,XVSUSDT,XVSUSDT-1m-2026-07-24.zip,ok,32966
2026-07-24,XVSUSDT,XVSUSDT-aggTrades-2026-07-24.zip,ok,111992
2026-07-24,YBUSDT,YBUSDT-1m-2026-07-24.zip,ok,26858
2026-07-24,YBUSDT,YBUSDT-aggTrades-2026-07-24.zip,ok,54231
2026-07-24,YFIUSDT,YFIUSDT-1m-2026-07-24.zip,ok,20483
2026-07-24,YFIUSDT,YFIUSDT-aggTrades-2026-07-24.zip,ok,22985
2026-07-24,YGGUSDT,YGGUSDT-1m-2026-07-24.zip,ok,35976
2026-07-24,YGGUSDT,YGGUSDT-aggTrades-2026-07-24.zip,ok,122284
2026-07-24,ZAMAUSDT,ZAMAUSDT-1m-2026-07-24.zip,ok,56693
2026-07-24,ZAMAUSDT,ZAMAUSDT-aggTrades-2026-07-24.zip,ok,3040205
2026-07-24,ZBTUSDT,ZBTUSDT-1m-2026-07-24.zip,ok,45291
2026-07-24,ZBTUSDT,ZBTUSDT-aggTrades-2026-07-24.zip,ok,267155
2026-07-24,ZENUSDT,ZENUSDT-1m-2026-07-24.zip,ok,30679
2026-07-24,ZENUSDT,ZENUSDT-aggTrades-2026-07-24.zip,ok,78464
2026-07-24,ZILUSDT,ZILUSDT-1m-2026-07-24.zip,ok,36126
2026-07-24,ZILUSDT,ZILUSDT-aggTrades-2026-07-24.zip,ok,108915
2026-07-24,ZKCUSDT,ZKCUSDT-1m-2026-07-24.zip,ok,25303
2026-07-24,ZKCUSDT,ZKCUSDT-aggTrades-2026-07-24.zip,ok,72951
2026-07-24,ZKPUSDT,ZKPUSDT-1m-2026-07-24.zip,ok,19271
2026-07-24,ZKPUSDT,ZKPUSDT-aggTrades-2026-07-24.zip,ok,22143
2026-07-24,ZKUSDT,ZKUSDT-1m-2026-07-24.zip,ok,26537
2026-07-24,ZKUSDT,ZKUSDT-aggTrades-2026-07-24.zip,ok,54205
2026-07-24,ZROUSDT,ZROUSDT-1m-2026-07-24.zip,ok,38257
2026-07-24,ZROUSDT,ZROUSDT-aggTrades-2026-07-24.zip,ok,179020
2026-07-24,ZRXUSDT,ZRXUSDT-1m-2026-07-24.zip,ok,15037
2026-07-24,ZRXUSDT,ZRXUSDT-aggTrades-2026-07-24.zip,ok,11486
